rang,type_de_document,reservations,titre,auteur
304,Nouveauté,107.0,GPS,"Rico,  Lucie"
572,,79.0,La fin d'une ère,"Howard,  Elizabeth Jane"
810,DVD tous publics,64.0,The  Duke,
646,Bande dessinée jeunesse,73.0,One Piece : édition originale. 31. Nous sommes là,"Oda,  Eiichir?"
935,DVD nouveautés tous publics,59.0,Jurassic World : le monde d'après,
952,Bande dessinée ado,58.0,Solo leveling. 4,Chugong
978,Bande dessinée jeunesse,56.0,Boruto : Naruto next generations. 1,"Kodachi,  Ukyo"
600,Livre adulte,76.0,La porte du ciel,"Schmitt,  Éric-Emmanuel"
841,Bande dessinée jeunesse,62.0,L'atelier des sorciers. 6. 6,"Shirahama,  Kamome"
545,Bande dessinée jeunesse,81.0,L'exode de Kalandre,"Sobral,  Patrick"
550,Bande dessinée jeunesse,80.0,E-sport,"Dequier,  Bruno"
773,Bande dessinée ado,66.0,Je crois que je t'aime,"Lyfoung,  Patricia"
565,Livre adulte,79.0,Le nouveau,"Higashino,  Keigo"
659,DVD nouveautés tous publics,72.0,Uncharted,
666,Bande dessinée jeunesse,71.0,Demon slayer : Kimetsu no yaiba. 11,"Gotouge,  Koyoharu"
730,DVD nouveautés tous publics,68.0,L'histoire de ma femme,
958,Bande dessinée jeunesse,58.0,Naruto. 60,"Kishimoto,  Masashi"
15,Nouveauté,505.0,S'adapter,"Dupont-Monod,  Clara"
280,Bande dessinée adulte,113.0,Anaïs Nin : sur la mer des mensonges,"Bischoff,  Léonie"
56,Livre adulte,280.0,Feu,"Pourchet,  Maria"
495,Livre adulte,85.0,Crossroads,"Franzen,  Jonathan"
636,Nouveauté,73.0,Début des hostilités,"Shirai,  Kaiu"
31,Bande dessinée jeunesse,353.0,Spy x Family. 1,"End?,  Tatsuya"
410,,93.0,Au commencement était... : une nouvelle histoire de l'humanité,"Graeber,  David"
108,Livre jeunesse,196.0,Mortelle Adèle. 2. L'enfer c'est les autres,Tan
908,DVD nouveautés tous publics,60.0,Ambulance,
181,,147.0,Funky moumoute,Mr Tan
443,Bande dessinée ado,89.0,The promised Neverland. 20,"Shirai,  Kaiu"
788,Nouveauté,65.0,Au vent mauvais : roman,"Adimi,  Kaouther"
912,,60.0,The  Northman,
21,Livre adulte,450.0,Vivre vite,"Giraud,  Brigitte"
212,Nouveauté,133.0,Les ténèbres et la nuit,"Connelly,  Michael"
170,Nouveauté,151.0,Les choses humaines,"Tuil,  Karine"
243,Bande dessinée ado,124.0,Naruto. 8,"Kishimoto,  Masashi"
62,Bande dessinée adulte,259.0,Les strates,"Bagieu,  Pénélope"
268,Livre adulte,116.0,Tout le bleu du ciel,"Da Costa,  Mélissa"
297,Livre adulte,108.0,Enfant de salaud,"Chalandon,  Sorj"
933,DVD nouveautés tous publics,59.0,Les  magnétiques,
360,,100.0,"Et à la fin, ils meurent : la sale vérité sur les contes de fées","Lubie,  Lou"
684,DVD nouveautés tous publics,70.0,Sound of Metal,
285,Livre adulte,112.0,La chronique des Bridgerton. 3 & 4,"Quinn,  Julia"
55,Livre adulte,288.0,Sorcières : la puissance invaincue des femmes,"Chollet,  Mona"
714,Bande dessinée jeunesse,69.0,One Piece. 63. Otohime et Tiger,"Oda,  Eiichiro"
484,Bande dessinée jeunesse,86.0,Blue lock. 2,"Kaneshiro,  Muneyuki"
492,,85.0,Etat des lieux,"Levy,  Deborah"
967,Livre adulte,57.0,Mathematica : une aventure au coeur de nous-mêmes,"Bessis,  David"
222,Livre adulte,129.0,Culottées : des femmes qui ne font que ce qu'elles veulent. 1,"Bagieu,  Pénélope"
736,Bande dessinée jeunesse,67.0,One Piece : édition originale. 51. Les onze supernovae,"Oda,  Eiichir?"
40,Bande dessinée jeunesse,328.0,Spy x Family. 6,"End?,  Tatsuya"
58,DVD tous publics,266.0,Onoda. 10 000 nuits dans la jungle,
202,Bande dessinée jeunesse,134.0,Au pays des contes défaits,Mr Tan
271,Livre adulte,115.0,Sapiens : une brève histoire de l'humanité,"Harari,  Yuval Noah"
167,Nouveauté,153.0,La déraison,"Martin-Lugand,  Agnès"
246,Bande dessinée jeunesse,123.0,Je ne mourrai pas !,"Oda,  Eiichiro"
166,Livre adulte,154.0,Les douleurs fantômes : roman,"Da Costa,  Mélissa"
371,Bande dessinée jeunesse,98.0,Demon slayer : Kimetsu no yaiba. 14,"Gotouge,  Koyoharu"
515,Nouveauté,83.0,Le voyage dans l'Est,"Angot,  Christine"
607,DVD nouveautés tous publics,76.0,Allons enfants,
662,Bande dessinée jeunesse,72.0,Anatole Latuile. 6. Pas de panique !,"Didier,  Anne"
86,,225.0,Premier sang : roman,"Nothomb,  Amélie"
462,Livre adulte,88.0,Les infiltrés : comment les cabinets de conseil ont pris le contrôle de l'Etat,"Aron,  Matthieu"
44,Nouveauté,319.0,Les cahiers d'Esther : histoire de mes 10 ans,"Sattouf,  Riad"
137,Bande dessinée ado,170.0,Naruto. 2,"Kishimoto,  Masashi"
427,Bande dessinée jeunesse,91.0,Demon slayer : Kimetsu no yaiba. 10,"Gotouge,  Koyoharu"
477,Bande dessinée jeunesse,87.0,One Piece : édition originale. 25. L'homme qui valait 100 millions,"Oda,  Eiichir?"
789,Livre adulte,65.0,King Kong Théorie,"Despentes,  Virginie"
596,Nouveauté,76.0,Jujutsu kaisen. 2. Naissance de la matrice,"Akutami,  Gege"
610,Bande dessinée ado,76.0,Naruto. 25,"Kishimoto,  Masashi"
290,Bande dessinée jeunesse,110.0,Les cerisiers d'Hiluluk,"Oda,  Eiichiro"
398,Livre adulte,95.0,La tour,"Bui,  Doan"
867,Bande dessinée adulte,61.0,Les dames de Kimoto,"Bonin,  Cyril"
914,Livre jeunesse,60.0,Rodrick fait sa loi,"Kinney,  Jeff"
68,Nouveauté,250.0,Spy x Family. 7,"End?,  Tatsuya"
81,Livre adulte,235.0,Labyrinthes,"Thilliez,  Franck"
117,Bande dessinée adulte,182.0,47 cordes. Première partie,"Le Boucher,  Timothé"
772,Livre adulte,66.0,Entre ciel et terre,Jón Kalman Stefánsson
934,DVD nouveautés tous publics,59.0,Adieu Monsieur Haffmann,
961,Bande dessinée jeunesse,57.0,chat s'arrange pas,Mr Tan
282,Nouveauté jeunesse,112.0,My hero academia. 1. Izuku Midoriya : les origines,"Horikoshi,  Kohei"
2,Livre adulte,1039.0,Connemara : roman,"Mathieu,  Nicolas"
20,Bande dessinée jeunesse,454.0,Spy x Family. 3,"End?,  Tatsuya"
593,Livre adulte,77.0,La cité des nuages et des oiseaux,"Doerr,  Anthony"
920,Livre adulte,59.0,Ame brisée,"Mizubayashi,  Akira"
49,Bande dessinée adulte,296.0,Le droit du sol : journal d'un vertige,"Davodeau,  Etienne"
599,,76.0,"Dieu : la science, les preuves","Bolloré,  Michel-Yves"
655,Bande dessinée jeunesse,72.0,La chouette classe verte,"Guibert,  Emmanuel"
954,coffret DVD tous publics,58.0,The  Gilded Age. Saison 1,
252,,120.0,Les royaumes de feu. 3. Au coeur de la jungle,"Sutherland,  T.T."
413,Bande dessinée adulte,92.0,Grandeur & décadence,"Strömquist,  Liv"
774,Bande dessinée jeunesse,66.0,One Piece. 69. Sad,"Oda,  Eiichiro"
38,DVD tous publics,332.0,Bac Nord,
151,DVD nouveautés tous publics,161.0,Eiffel,
829,DVD nouveautés tous publics,63.0,The  Chef,
339,Bande dessinée adulte,102.0,De la Syrie à la Turquie,"Toulmé,  Fabien"
265,Bande dessinée jeunesse,118.0,Successeurs,"Oda,  Eiichiro"
442,Nouveauté,89.0,Le bureau des affaires occultes. 1,"Fouassier,  Éric"
735,Bande dessinée jeunesse,68.0,One Piece. 66. Vers le soleil,"Oda,  Eiichiro"
618,Nouveauté,75.0,Le réveil,"Gounelle,  Laurent"
975,Bande dessinée jeunesse,56.0,Premières actions,Dugomier
149,Livre adulte,162.0,A rude épreuve,"Howard,  Elizabeth Jane"
858,,61.0,"Amour, gloire et corvées",Nob
98,Livre adulte,203.0,Monument national,"Deck,  Julia"
237,DVD jeunesse,126.0,Soul,
770,Bande dessinée ado,66.0,Naruto. 23,"Kishimoto,  Masashi ; [traduit et adapté en français par Sébastien Bigini]"
911,DVD nouveautés tous publics,60.0,Azuro,
430,Livre adulte,91.0,La chambre du fils,"Horst,  Jørn Lier"
449,DVD tous publics,89.0,Belfast,
860,,61.0,La maison,"Becker,  Emma"
936,DVD tous publics,59.0,Peaky Blinders. Saison 6,
221,Livre adulte,130.0,Tant que le café est encore chaud : roman,"Kawaguchi,  Toshikazu"
716,Bande dessinée adulte,69.0,C'est toi ma maman ? : un drame comique,"Bechdel,  Alison"
972,Bande dessinée ado,57.0,L'instinct,"Oda,  Eiichiro"
234,DVD nouveautés tous publics,127.0,L'événement,
325,DVD nouveautés tous publics,104.0,De son vivant,
592,Livre adulte,77.0,Un si bel horizon,"Bourdin,  Françoise"
601,Livre adulte,76.0,Près de la mer : roman,"Gurnah,  Abdulrazak"
713,Bande dessinée ado,69.0,Naruto. 24,"Kishimoto,  Masashi"
251,Bande dessinée jeunesse,121.0,Pas de pitié pour les nazebroques !,Tan
846,DVD nouveautés tous publics,62.0,Cruella,
320,Bande dessinée jeunesse,104.0,Main du futur,"Sobral,  Patrick"
347,,101.0,Adieu les cons,
979,Nouveauté jeunesse,56.0,One Piece : édition originale. 87,"Oda,  Eiichir?"
154,DVD tous publics,159.0,Nomadland,
223,Livre adulte,129.0,Le code Rousseau de la route : édition 2022,
616,Bande dessinée adulte,75.0,The promised Neverland. 19,"Shirai,  Kaiu"
802,Bande dessinée jeunesse,64.0,Secrets d'amour,Béka
937,Bande dessinée ado,59.0,Naruto. 46,"Kishimoto,  Masashi"
982,Bande dessinée jeunesse,56.0,World without : la bataille du néant,"Sobral,  Patrick"
532,Bande dessinée jeunesse,82.0,Sang royal,"Sobral,  Patrick"
578,Bande dessinée jeunesse,78.0,The promised Neverland. 17,"Shirai,  Kaiu"
588,Bande dessinée ado,78.0,Fairy Tail. 4,"Mashima,  Hiro"
651,Nouveauté,72.0,L'atelier des sorciers. 4,"Shirahama,  Kamome"
923,Livre adulte,59.0,Le coût de la vie,"Levy,  Deborah"
24,Bande dessinée adulte,408.0,Spy x Family. 5,"End?,  Tatsuya"
486,DVD tous publics,86.0,Goliath,
540,Bande dessinée ado,81.0,Les carnets de l'apothicaire. 5,"Nanao,  Itsuki"
648,Nouveauté,72.0,Ces jours qui disparaissent,"Le Boucher,  Timothé"
463,Livre adulte,88.0,La ligne de nage,"Otsuka,  Julie"
468,Livre adulte,87.0,Le génie lesbien,"Coffin,  Alice"
852,Bande dessinée jeunesse,62.0,One Piece. 45. Je comprends ce que vous ressentez,"Oda,  Eiichiro"
993,DVD nouveautés tous publics,56.0,Memoria,
138,Livre jeunesse,170.0,Parents à vendre,Mr Tan
177,Livre adulte,150.0,L'énigme de la chambre 622 : roman,"Dicker,  Joël"
401,Livre adulte,94.0,Tout le bleu du ciel,"Da Costa,  Mélissa"
104,Livre adulte,196.0,L'inconnue de la Seine,"Musso,  Guillaume"
211,Nouveauté,133.0,En salle : roman,"Baglin,  Claire"
694,DVD tous publics,70.0,À l'ombre des filles,
134,Bande dessinée jeunesse,172.0,La rentrée des claques,Mr Tan
812,Bande dessinée adulte,64.0,Les pizzlys,"Moreau,  Jérémie"
78,Bande dessinée adulte,237.0,Les cahiers d'Esther. 4. Histoires de mes 13 ans,"Sattouf,  Riad"
510,DVD nouveautés tous publics,84.0,La  ruse,
653,Bande dessinée adulte,72.0,Les amants d'Hérouville : une histoire vraie,"Le Quellec,  Yann"
706,Bande dessinée jeunesse,69.0,Lou ! Sonata. 1,"Neel,  Julien"
796,Bande dessinée jeunesse,65.0,One Piece. 72. Les oubliés de Dressrosa,"Oda,  Eiichiro"
26,Bande dessinée adulte,394.0,"L'Arabe du futur. 2. Une jeunesse au Moyen-Orient, 1984-1985","Sattouf,  Riad"
171,Livre adulte,151.0,Yoga,"Carrère,  Emmanuel"
346,Bande dessinée jeunesse,101.0,Un secret,"Oseman,  Alice"
549,Nouveauté,80.0,Jujutsu kaisen. 1. Ryomen Sukuna,"Akutami,  Gege"
717,Bande dessinée jeunesse,69.0,Ça va dégominer !,"Didier,  Anne"
275,Nouveauté,114.0,Madame Hayat,"Altan,  Ahmet"
296,Bande dessinée ado,109.0,Naruto. 13,"Kishimoto,  Masashi"
564,Livre ado,79.0,Le roi maléfique,"Black,  Holly"
864,Bande dessinée jeunesse,61.0,Les amours de Cassiopée,"Di Gregorio,  Giovanni"
185,Bande dessinée ado,145.0,Naruto. 3,"Kishimoto,  Masashi"
474,DVD nouveautés tous publics,87.0,Jungle cruise,
731,,68.0,Arpenter la nuit : roman,"Mottley,  Leila"
909,Livre adulte,60.0,Toute une moitié du monde,"Zeniter,  Alice"
676,Bande dessinée jeunesse,71.0,One Piece. 65. Table rase,"Oda,  Eiichiro"
497,Nouveauté jeunesse,84.0,My hero academia. 13,"Horikoshi,  K?hei"
27,Bande dessinée adulte,386.0,"Une jeunesse au Moyen-Orient, 1987-1992","Sattouf,  Riad"
150,Livre adulte,162.0,Angélique,"Musso,  Guillaume"
274,Livre adulte,114.0,Père riche père pauvre  : ce que les gens riches enseignent à leurs enfants à propos de l'argent et ce que ne font pas les gens pauvres et de la classe moyenne!,"Kiyosaki,  Robert T."
299,Livre adulte,108.0,Sa préférée : roman,"Jollien-Fardel,  Sarah"
315,DVD nouveautés tous publics,105.0,Un autre monde,
615,Instrument de musique ou Console de jeu,75.0,Console Switch Lite : indés,
763,,66.0,L'atelier des sorciers. 9,"Shirahama,  Kamome"
943,,58.0,One Piece : édition originale. 89,"Oda,  Eiichir?"
556,Livre adulte,80.0,L'été où tout a fondu : roman,"McDaniel,  Tiffany"
563,,79.0,The promised Neverland. 11,"Shirai,  Kaiu"
390,Nouveauté,96.0,Il n'y a pas de Ajar : monologue contre l'identité,"Horvilleur,  Delphine"
43,Livre adulte,320.0,Etre à sa place,"Marin,  Claire"
432,Nouveauté,90.0,The promised neverland. 7,"Shirai,  Kaiu"
478,Bande dessinée jeunesse,86.0,Shimy,"Sobral,  Patrick"
916,Bande dessinée ado,60.0,Naruto. 29,"Kishimoto,  Masashi"
938,Bande dessinée jeunesse,59.0,Naruto. 55,"Kishimoto,  Masashi"
991,Livre adulte,56.0,La gardienne de Mona Lisa : une enquête d'Enzo Macleod,"May,  Peter"
37,DVD tous publics,337.0,Dune,
159,Livre adulte,158.0,Noa,"Lévy,  Marc"
691,Livre adulte,70.0,Un miracle : roman,"Mas,  Victoria"
718,,69.0,Si seulement...,"Dequier,  Bruno"
949,Nouveauté,58.0,Solo leveling. 3,Chugong
411,DVD tous publics,93.0,Une jeune fille qui va bien,
704,Bande dessinée jeunesse,69.0,"Ex, drague et rock'n'roll !","Dubuc,  Maryse"
728,DVD tous publics,68.0,Chère Léa,
225,Bande dessinée jeunesse,129.0,Le plus grand bandit d'East Blue,"Oda,  Eiichiro"
392,Bande dessinée ado,96.0,Aux prises avec baggy et ses hommes !,"Oda,  Eiichiro"
491,Livre jeunesse,85.0,Harry Potter à l'école des sorciers,"Rowling,  J.K."
678,Livre adulte,70.0,Les mots sont des fenêtres (ou bien ce sont des murs) : introduction à la communication non violente,"Rosenberg,  Marshall B."
854,Bande dessinée jeunesse,61.0,Dad. 2. Secrets de famille,Nob
253,Nouveauté,120.0,Mémoire de fille,"Ernaux,  Annie"
584,Livre adulte,78.0,Indépendance,"Cercas,  Javier"
749,Bande dessinée jeunesse,67.0,Show bizarre !,Mr Tan
915,DVD tous publics,60.0,Avatar,
120,Bande dessinée adulte,180.0,"Ecoute, jolie Marcia","Quintanilha,  Marcello"
239,Bande dessinée jeunesse,126.0,"OK, let's stand up !","Oda,  Eiichiro"
738,Livre jeunesse,67.0,Gardiens des cités perdues. 1,"Messenger,  Shannon"
385,Bande dessinée jeunesse,96.0,L'escalade,Dugomier
888,Bande dessinée jeunesse,60.0,Trop la classe !,"Didier,  Anne"
945,Nouveauté,58.0,Croire aux fauves,"Martin,  Nastassja"
19,Bande dessinée jeunesse,458.0,Spy x Family. 2,"End?,  Tatsuya"
184,,146.0,Notre otage à Acapulco,"Rufin,  Jean-Christophe"
354,Bande dessinée jeunesse,101.0,Droit devant !!,"Oda,  Eiichiro"
438,Bande dessinée ado,90.0,Fairy Tail. 1,"Mashima,  Hiro"
465,Bande dessinée jeunesse,88.0,Et ainsi débuta la légende,"Oda,  Eiichiro"
689,Livre adulte,70.0,La maison,"McDowell,  Michael"
703,Nouveauté jeunesse,69.0,#Révisions,"Horikoshi,  K?hei"
197,,137.0,L'odyssée d'Hakim. 3. De la Macédoine à la France,"Toulmé,  Fabien"
421,DVD nouveautés tous publics,92.0,The King's man : Première mission,
699,Bande dessinée jeunesse,69.0,Naruto. 70,"Kishimoto,  Masashi"
884,Bande dessinée jeunesse,60.0,One Piece. 74. Je serai toujours à tes côtés,"Oda,  Eiichiro"
965,Livre adulte,57.0,L'enfer numérique : voyage au bout d'un like,"Pitron,  Guillaume"
528,,82.0,Consolations : celles que l'on reçoit et celles que l'on donne,"André,  Christophe"
649,Livre Fonds spécialisés,72.0,Retour à Lemberg,"Sands,  Philippe"
742,Livre adulte,67.0,Canaries,"Corne,  Lucy"
192,Livre adulte,140.0,Il nous restera ça,"Grimaldi,  Virginie"
220,Bande dessinée adulte,131.0,Les sentiments du prince Charles,"Strömquist,  Liv"
886,Bande dessinée jeunesse,60.0,One Piece : édition originale. 84,"Oda,  Eiichir?"
499,Nouveauté,84.0,The promised neverland. 6,"Shirai,  Kaiu"
335,Bande dessinée ado,103.0,Naruto. 9,"Kishimoto,  Masashi"
872,CD adulte,61.0,Saint-Clair,"Biolay,  Benjamin"
903,Bande dessinée adulte,60.0,Voleuse,"Bryon,  Lucie"
312,Livre adulte,105.0,Pas dormir,"Darrieussecq,  Marie"
186,,144.0,Prout atomique,Mr Tan
660,Bande dessinée ado,72.0,Naruto. 42,"Kishimoto,  Masashi"
314,Nouveauté,105.0,Azincourt par temps de pluie,"Teulé,  Jean"
96,Livre adulte,208.0,Trouver ma place : 22 protocoles pour accéder au bonheur,"Calestrémé,  Natacha"
395,Bande dessinée jeunesse,95.0,My hero academia. 11. La fin du commencement et le commencement de la fin,"Horikoshi,  K?hei"
466,Bande dessinée jeunesse,87.0,My hero academia. 10. #All for one,"Horikoshi,  K?hei"
746,,67.0,Le souffle du mal,"Sutherland,  Tui"
875,Livre adulte,61.0,Londres,"Céline,  Louis-Ferdinand"
894,Livre adulte,60.0,"Italie du Sud : Naples, côte amalfitaine, Pouilles : 2021-2022","Gloaguen,  Philippe"
102,Livre adulte,200.0,Les grandes oubliées : pourquoi l'histoire a effacé les femmes,"Lecoq,  Titiou"
262,Bande dessinée jeunesse,118.0,My hero academia. 4. Celui qui avait tout,"Horikoshi,  Kohei"
446,DVD nouveautés tous publics,89.0,Eugénie Grandet,
801,Bande dessinée jeunesse,64.0,Blue lock. 1,"Kaneshiro,  Muneyuki"
157,Bande dessinée adulte,158.0,Dans le palais des miroirs,"Strömquist,  Liv"
506,Livre adulte,84.0,Ne t'arrête pas de courir,"Palain,  Mathieu"
948,Livre adulte,58.0,Viendra le temps du feu,"Delorme,  Wendy"
950,Bande dessinée jeunesse,58.0,Cap ou pas cap ?,"Cazenove,  Christophe"
522,Bande dessinée jeunesse,83.0,Naruto. 15,"Kishimoto,  Masashi"
598,Bande dessinée jeunesse,76.0,Demon slayer : Kimetsu no yaiba. 18,"Gotouge,  Koyoharu"
164,Livre adulte,155.0,King Kong théorie,"Despentes,  Virginie"
663,Livre ado,71.0,Jamais plus,"Hoover,  Colleen"
825,,63.0,L'Italie en train,Tournebize
922,Bande dessinée adulte,59.0,Débutante,"Dupré La Tour,  Florence"
155,Bande dessinée jeunesse,158.0,Big bisous baveux,Mr Tan
358,Livre adulte,100.0,Les promises : roman,"Grangé,  Jean-Christophe"
36,Nouveauté,338.0,Le livre des soeurs : roman,"Nothomb,  Amélie"
453,Bande dessinée ado,89.0,J'irai voir Venise,"Lyfoung,  Patricia"
769,Bande dessinée ado,66.0,Naruto. 21,"Kishimoto,  Masashi"
54,Bande dessinée adulte,289.0,La jeune femme et la mer,"Meurisse,  Catherine"
544,,81.0,Les Légendaires. 14. L'héritage du mal,"Sobral,  Patrick"
23,,426.0,Spy x Family. 4,"End?,  Tatsuya"
196,Livre adulte,138.0,Le pouvoir rhétorique : apprendre à convaincre et à décrypter les discours,"Viktorovitch,  Clément"
309,Livre adulte,106.0,Le fantôme du Vicaire : roman,"Fouassier,  Éric"
574,Bande dessinée jeunesse,79.0,Les Légendaires. 16. L'éternité ne dure qu'un temps,"Sobral,  Patrick"
790,Livre adulte,65.0,La promesse de l'aube,"Gary,  Romain"
818,Nouveauté jeunesse,63.0,Red riot,"Horikoshi,  K?hei"
105,DVD nouveautés tous publics,196.0,Les  Olympiades,
126,Nouveauté,176.0,Tenir sa langue,"Panassenko,  Polina"
723,DVD nouveautés tous publics,68.0,Kaamelott. premier volet,
842,Bande dessinée jeunesse,62.0,Au coeur de mes zoorigines,"Douyé,  Sylvia"
989,Livre adulte,56.0,"Italie du Sud : Naples, côte amalfitaine, Pouilles",
261,Livre adulte,119.0,Le coeur ne cède pas,"Bouillier,  Grégoire"
356,Nouveauté jeunesse,100.0,My hero academia. 9. My hero,"Horikoshi,  Kohei"
959,Bande dessinée jeunesse,57.0,Coeur vanille,"Grisseaux,  Véronique"
998,DVD tous publics,56.0,Coupez !,
258,DVD tous publics,119.0,Drunk,
402,Livre jeunesse,94.0,Réminiscences,"Messenger,  Shannon"
778,Bande dessinée jeunesse,65.0,Ca déménage !,"Didier,  Anne"
856,Bande dessinée jeunesse,61.0,Coeur coco,"Grisseaux,  Véronique"
913,Livre adulte,60.0,"L'intranquille : autoportrait d'un fils, d'un peintre, d'un fou","Garouste,  Gérard"
501,,84.0,The promised neverland. 8,"Shirai,  Kaiu"
977,Bande dessinée jeunesse,56.0,Naruto. 71,"Kishimoto,  Masashi"
69,Bande dessinée adulte,248.0,Les cahiers d'Esther. 3. Histoire de mes 12 ans,"Sattouf,  Riad"
865,Nouveauté,61.0,Une soupe à la grenade,"Mehran,  Marsha"
273,Livre adulte,115.0,La digue : roman,"McDowell,  Michael"
679,Bande dessinée jeunesse,70.0,Chat va bien !,Mr Tan
752,Livre adulte,67.0,La bibliothèque des rêves secrets,"Aoyama,  Michiko"
761,Bande dessinée adulte,66.0,Découvrez vos super pouvoirs !,"Gomez,  Lucile"
13,Bande dessinée adulte,521.0,Le jeune acteur,"Sattouf,  Riad"
14,Bande dessinée adulte,510.0,"Une jeunesse au Moyen-Orient, 1992-1994","Sattouf,  Riad"
855,Nouveauté,61.0,Chanson douce,"Slimani,  Leïla"
816,Livre adulte,63.0,Vernon Subutex : roman. 1,"Despentes,  Virginie"
1000,Bande dessinée ado,56.0,Naruto. 32,"Kishimoto,  Masashi"
140,DVD tous publics,167.0,Le Sommet des dieux,
624,,75.0,Fun Home : une tragicomédie familiale,"Bechdel,  Alison"
861,Bande dessinée jeunesse,61.0,Tomura Shigaraki : les origines,"Horikoshi,  K?hei"
286,,112.0,555,"Gestern,  Hélène"
531,Livre jeunesse,82.0,C'est elle qui a commencé,"Cazenove,  Christophe"
633,Nouveauté,74.0,Reine de coeur,"Mizubayashi,  Akira"
70,Nouveauté,248.0,La familia grande,"Kouchner,  Camille"
142,DVD tous publics,166.0,Nightmare Alley,
341,Bande dessinée adulte,102.0,Jours de sable,"Jongh,  Aimée de"
553,Livre adulte,80.0,Les enfants de la nuit,"Ionesco,  Eva"
566,Nouveauté,79.0,Saint-Elme. 1. La vache brûlée,"Lehman,  Serge"
605,Livre adulte,76.0,Journal de nage,"Thomas,  Chantal"
708,Livre adulte,69.0,Sidérations,"Powers,  Richard"
172,Nouveauté,151.0,Mahmoud ou La montée des eaux : roman,"Wauters,  Antoine"
733,Bande dessinée ado,68.0,Naruto. 31,"Kishimoto,  Masashi"
543,Bande dessinée ado,81.0,Fairy Tail. 2,"Mashima,  Hiro"
595,Bande dessinée jeunesse,76.0,Les nerfs à vif,Nob
597,Livre adulte,76.0,Jouissance club : une cartographie du plaisir,"Plã,  Jüne"
906,DVD nouveautés tous publics,60.0,Red Rocket,
85,Livre adulte,226.0,Les années,"Ernaux,  Annie"
576,Bande dessinée jeunesse,78.0,Demon slayer : Kimetsu no yaiba. 7,"Gotouge,  Koyoharu"
897,Livre adulte,60.0,Au printemps des monstres,"Jaenada,  Philippe"
924,Bande dessinée adulte,59.0,Les carnets de l'apothicaire. 2,"Nanao,  Itsuki"
925,Nouveauté,59.0,L'affaire du ticket scandaleux. 2,"Lieron,  Cyril"
473,Bande dessinée jeunesse,87.0,Game over,"Dequier,  Bruno"
559,Bande dessinée jeunesse,80.0,Oohiohioo !,"Didier,  Anne"
715,Bande dessinée jeunesse,69.0,One Piece. 67. Cool fight,"Oda,  Eiichiro"
794,Bande dessinée jeunesse,65.0,One Piece. 68. Alliance entre pirates,"Oda,  Eiichiro"
440,Nouveauté,89.0,The promised neverland. 2,"Shirai,  Kaiu"
712,Bande dessinée adulte,69.0,Vernon Subutex. 2,"Despentes,  Virginie"
826,Nouveauté,63.0,Bug. 3,"Bilal,  Enki"
52,DVD tous publics,292.0,Mourir peut attendre,
359,Bande dessinée adulte,100.0,Un départ vers la fin,"Bravo,  Émile"
310,Nouveauté,106.0,Dernier week-end de janvier,"Vivès,  Bastien"
125,DVD nouveautés tous publics,177.0,West Side Story,
136,,170.0,Etés anglais,"Howard,  Elizabeth Jane"
145,Bande dessinée adulte,164.0,Les piliers de la civilisation,"Harari,  Yuval Noah"
22,Bande dessinée adulte,432.0,"Une jeunesse au Moyen-Orient, 1978-1984","Sattouf,  Riad"
148,DVD jeunesse,164.0,"Encanto, la fantastique famille Madrigal",
644,Bande dessinée jeunesse,73.0,Naruto. 26,"Kishimoto,  Masashi"
97,Bande dessinée adulte,205.0,Peau d'homme,Hubert
403,Bande dessinée jeunesse,94.0,Demon slayer : Kimetsu no yaiba. 3,"Gotouge,  Koyoharu"
188,DVD tous publics,143.0,Maigret,
389,Nouveauté,96.0,Taormine : roman,"Ravey,  Yves"
376,Bande dessinée jeunesse,98.0,Le réveil du Kréa-Kaos,"Sobral,  Patrick"
502,,84.0,Héritages,"Messenger,  Shannon"
918,Bande dessinée jeunesse,59.0,Le royaume des larmes,"Sobral,  Patrick"
999,DVD nouveautés tous publics,56.0,La  nuit du 12,
750,Bande dessinée jeunesse,67.0,Les carnets de l'apothicaire. 6,"Nanao,  Itsuki"
233,Nouveauté,127.0,Des vivants,"Meltz,  Raphaël"
762,Nouveauté,66.0,La vérité sur la lumière,Auður Ava Ólafsdóttir
809,coffret DVD > 12 ans,64.0,Des filles disparaissent ; les criminels,
41,,328.0,V13,"Carrère,  Emmanuel"
110,DVD tous publics,195.0,France,
721,Bande dessinée jeunesse,68.0,The promised Neverland. 10,"Shirai,  Kaiu"
845,Bande dessinée adulte,62.0,"Alors, tout tombe : première partie","Díaz Canales,  Juan"
877,Bande dessinée ado,61.0,Sois forte,"Oda,  Eiichiro"
980,Nouveauté,56.0,Spirou : l'espoir malgré tout. 1,"Bravo,  Émile"
372,Livre adulte,98.0,"Italie du Nord : sans les lacs italiens, Venise et Milan : 2021-2022","Gloaguen,  Philippe"
700,,69.0,Star à domicile,Nob
384,,96.0,Le piège de glace,"Sutherland,  T.T."
508,Bande dessinée jeunesse,84.0,My hero academia. 30,"Horikoshi,  K?hei"
650,,72.0,Sérotonine,"Houellebecq,  Michel"
529,Nouveauté jeunesse,82.0,The next,"Horikoshi,  K?hei"
30,Bande dessinée adulte,355.0,Histoire de mes 16 ans,"Sattouf,  Riad"
71,Livre adulte,248.0,Les vertueux,"Khadra,  Yasmina"
91,DVD nouveautés tous publics,219.0,Licorice Pizza,
658,DVD nouveautés tous publics,72.0,En attendant Bojangles,
786,DVD nouveautés tous publics,65.0,Les  choses humaines,
608,Nouveauté,76.0,La doublure : roman,"Da Costa,  Mélissa"
424,Livre adulte,92.0,Les années,"Ernaux,  Annie"
669,Bande dessinée jeunesse,71.0,Les carnets de l'apothicaire. 3,"Nanao,  Itsuki"
639,Livre adulte,73.0,Je revenais des autres : roman,"Da Costa,  Mélissa"
806,Livre adulte,64.0,Sang trouble,"Galbraith,  Robert"
210,Livre adulte,133.0,Celui qui veille,"Erdrich,  Louise"
334,DVD tous publics,103.0,Un héros,
619,,75.0,Vider les lieux,"Rolin,  Olivier"
876,Bande dessinée ado,61.0,J'irai où tu iras,"Lyfoung,  Patricia"
77,Bande dessinée jeunesse,238.0,Pour qui sonne le glas,"Oda,  Eiichiro"
25,Livre adulte,398.0,Dans les brumes de Capelans,"Norek,  Olivier"
370,Bande dessinée jeunesse,98.0,Demon slayer : Kimetsu no yaiba. 12,"Gotouge,  Koyoharu"
682,,70.0,C'est comme ça que je disparais,"Malle,  Mirion"
869,Nouveauté,61.0,L'éclaireur,"Jirnov,  Sergueï"
193,,139.0,Moon River,Fabcaro
387,Bande dessinée adulte,96.0,Adieu triste amour,"Malle,  Mirion"
45,Livre adulte,314.0,Mon mari,"Ventura,  Maud"
579,Bande dessinée jeunesse,78.0,Demon slayer : Kimetsu no yaiba. 16,"Gotouge,  Koyoharu"
755,Bande dessinée ado,67.0,Naruto. 44,"Kishimoto,  Masashi"
893,Livre adulte,60.0,La soeur de la tempête,"Riley,  Lucinda"
973,Bande dessinée ado,57.0,Fairy Tail. 8,"Mashima,  Hiro"
189,Bande dessinée jeunesse,142.0,One piece. 9. Larmes,"Oda,  Eiichiro"
213,Bande dessinée jeunesse,132.0,Karmastrophique,Mr Tan
240,Livre adulte,125.0,Porca miseria,"Benacquista,  Tonino"
244,DVD nouveautés tous publics,123.0,Ouistreham,
272,,115.0,Tant pis pour l'amour : ou comment j'ai survécu à un manipulateur,"Lambda,  Sophie"
400,Bande dessinée jeunesse,94.0,Frémissements,"Horikoshi,  Kohei"
408,,93.0,En attendant Bojangles : roman,"Bourdeaut,  Olivier"
512,Bande dessinée ado,84.0,La légende est en marche,"Oda,  Eiichiro"
524,Nouveauté,82.0,Culottées : des femmes qui ne font que ce qu'elles veulent. 2,"Bagieu,  Pénélope"
581,Bande dessinée adulte,78.0,"Sous les galets, la plage","Rabaté,  Pascal"
686,DVD nouveautés tous publics,70.0,Last Night in Soho,
4,Livre adulte,760.0,Le mage du Kremlin : roman,"Da Empoli,  Giuliano"
207,Livre adulte,134.0,"Les 5 blessures qui empêchent d'être soi-même : rejet, abandon, humiliation, trahison, injustice","Bourbeau,  Lise"
614,Livre adulte,75.0,Canaries : + randonnées et plongées : 2021,"Gloaguen,  Philippe"
643,Bande dessinée ado,73.0,Naruto. 20,"Kishimoto,  Masashi"
836,Bande dessinée jeunesse,62.0,Un bonheur presque parfait,"Dubuc,  Maryse"
255,DVD tous publics,120.0,Enquête sur un scandale d'Etat,
960,Bande dessinée jeunesse,57.0,Coeur cookie,"Grisseaux,  Véronique"
425,Nouveauté jeunesse,91.0,My hero academia. 5. Shoto Todoroki : les origines,"Horikoshi,  Kohei"
910,Nouveauté,60.0,Journal inquiet d'Istanbul. 1,"Karabulut,  Ersin"
133,Livre adulte,174.0,Les hommes ont peur de la lumière,"Kennedy,  Douglas"
364,Nouveauté,100.0,Performance : roman,"Liberati,  Simon"
369,Bande dessinée adulte,99.0,"Bien sûr, monsieur Proust","Cruchaudet,  Chloé"
734,Livre jeunesse,68.0,Trop c'est trop,"Kinney,  Jeff"
797,Bande dessinée adulte,64.0,La différence invisible,"Dachez,  Julie"
971,Bande dessinée ado,57.0,Naruto. 18,"Kishimoto,  Masashi"
868,,61.0,Le festin : roman,"Kennedy,  Margaret"
153,DVD tous publics,160.0,The batman,
332,DVD tous publics,103.0,Présidents,
319,DVD > 12 ans,105.0,Les Crimes du futur,
337,Bande dessinée jeunesse,103.0,Ace entre en scène,"Oda,  Eiichiro"
362,Nouveauté,100.0,Ce que nous sommes,Zep
919,Nouveauté,59.0,Un avenir radieux,"Horikoshi,  K?hei"
238,Livre adulte,126.0,Le magicien,"To?ibi?n,  Colm"
373,,98.0,Spy x Family. 8,"End?,  Tatsuya"
469,Livre adulte,87.0,Les lions de Sicile : roman,"Auci,  Stefania"
537,,81.0,Chez soi : une odyssée de l'espace domestique,"Chollet,  Mona"
974,Livre jeunesse,57.0,Carrément claustro,"Kinney,  Jeff"
10,Livre adulte,642.0,L'affaire Alaska Sanders,"Dicker,  Joël"
586,Bande dessinée ado,78.0,Naruto. 10,"Kishimoto,  Masashi"
847,Livre adulte,62.0,L'assassin de la rue Voltaire : roman,"Loevenbruck,  Henri"
675,Bande dessinée ado,71.0,Naruto. 41,"Kishimoto,  Masashi"
687,DVD nouveautés tous publics,70.0,Haute couture,
927,Bande dessinée jeunesse,59.0,Rêve et cauchemort !,"Douyé,  Sylvia"
966,Bande dessinée adulte,57.0,Elise et les nouveaux partisans,"Grange,  Dominique"
409,Bande dessinée jeunesse,93.0,Demon slayer : Kimetsu no yaiba,"Gotouge,  Koyoharu"
817,Livre adulte,63.0,La papeterie Tsubaki,"Ogawa,  Ito"
109,Bande dessinée jeunesse,196.0,Attaque au clair de lune,"Oda,  Eiichiro"
654,Livre adulte,72.0,Les possibles,"Grimaldi,  Virginie"
50,Nouveauté,295.0,Les cahiers d'Esther. Histoires de mes 11 ans,"Sattouf,  Riad"
674,Bande dessinée ado,71.0,La grande promesse,"Oda,  Eiichiro"
688,DVD nouveautés tous publics,70.0,Le  diable n'existe pas,
547,Livre adulte,80.0,Couleurs de l'incendie,"Lemaitre,  Pierre"
554,DVD > 12 ans,80.0,Oranges sanguines,
567,DVD tous publics,79.0,Bergman Island,
368,Bande dessinée jeunesse,99.0,Universelle(s),"Toussaint,  Kid"
621,DVD nouveautés tous publics,75.0,En même temps,
722,Bande dessinée jeunesse,68.0,Astérix et le griffon,"Ferri,  Jean-Yves"
33,Livre adulte,345.0,Vivre avec nos morts : petit traité de consolation,"Horvilleur,  Delphine"
72,Livre adulte,246.0,Le pays des autres : roman,"Slimani,  Leïla"
75,Livre adulte,239.0,"La France sous nos yeux : économie, paysages, nouveaux modes de vie","Fourquet,  Jérôme"
162,Bande dessinée ado,156.0,Naruto. 1,"Kishimoto,  Masashi"
329,Bande dessinée jeunesse,104.0,Tiens bon !!,"Oda,  Eiichiro"
407,Bande dessinée jeunesse,94.0,Coeur du passé,"Sobral,  Patrick"
677,Bande dessinée jeunesse,71.0,One Piece. 55. Des travs en enfer,"Oda,  Eiichiro"
690,DVD nouveautés tous publics,70.0,Twist à Bamako,
757,Bande dessinée jeunesse,67.0,L'opération Dressrosa S.O.P.,"Oda,  Eiichiro"
824,,63.0,Suzette ou Le grand amour,"Toulmé,  Fabien"
111,Bande dessinée jeunesse,192.0,Tout ça finira mal,Tan
611,Bande dessinée jeunesse,75.0,La menace,"Fléchais,  Amélie"
629,Nouveauté,74.0,La rose dégoupillée,"Riffaud,  Madeleine"
378,Livre adulte,97.0,Changer l'eau des fleurs : roman,"Perrin,  Valérie"
132,Bande dessinée adulte,174.0,Amalia,"Picault,  Aude"
518,Livre adulte,83.0,"La volonté de changer : les hommes, la masculinité et l'amour","Hooks,  Bell"
519,Bande dessinée jeunesse,83.0,Kaiju n 8. 3,"Matsumoto,  Naoya"
751,DVD tous publics,67.0,Le Genou d'Ahed,
266,Livre adulte,117.0,Un barrage contre l'Atlantique,"Beigbeder,  Frédéric"
42,Livre adulte,321.0,Les abeilles grises,"Kourkov,  Andrei"
47,,311.0,Le jeune homme,"Ernaux,  Annie"
764,Nouveauté,66.0,La puissance des ombres : roman,"Germain,  Sylvie"
953,DVD nouveautés tous publics,58.0,Luca,
361,,100.0,"Tu le sais bien, le temps passe","Nay,  Catherine"
93,Livre adulte,213.0,Nouveau départ,"Howard,  Elizabeth Jane"
127,Livre adulte,175.0,La chronique des Bridgerton. 1 & 2,"Quinn,  Julia"
311,Bande dessinée jeunesse,105.0,My hero academia. 7. Katsuki Bakugo : les origines,"Horikoshi,  Kohei"
701,Bande dessinée jeunesse,69.0,Les Phoenix,"Dequier,  Bruno"
106,Nouveauté,196.0,La petite menteuse,"Robert-Diard,  Pascale"
235,Livre adulte,126.0,Chevreuse : roman,"Modiano,  Patrick"
316,Livre adulte,105.0,Une heure de ferveur : roman,"Barbery,  Muriel"
393,Bande dessinée jeunesse,96.0,Quelle chouchoute !,"Maury,  William"
569,Livre adulte,79.0,Le triomphe des lions,"Auci,  Stefania"
928,Livre adulte,59.0,La toute petite reine,"Ledig,  Agnès"
417,Bande dessinée adulte,92.0,Radium girls,Cy
459,,88.0,Rendez-vous avec la menace,"Chapman,  Julia"
305,Bande dessinée ado,107.0,Un chemin en pente raide,"Oda,  Eiichiro"
397,Bande dessinée adulte,95.0,Goldorak,"Dorison,  Xavier"
754,Nouveauté,67.0,Stardust : roman,"Miano,  Léonora"
228,DVD tous publics,128.0,La  fracture,
406,Nouveauté,94.0,Spirou : l'espoir malgré tout. 4,"Bravo,  Émile"
455,Bande dessinée jeunesse,88.0,Demon slayer : Kimetsu no yaiba,"Gotouge,  Koyoharu"
681,Bande dessinée adulte,70.0,La fête de Yuei commence !,"Horikoshi,  K?hei"
830,Bande dessinée ado,63.0,Naruto. 17,"Kishimoto,  Masashi"
870,DVD tous publics,61.0,Adieu Paris,
887,Livre jeunesse,60.0,Harry Potter et la coupe de feu,"Rowling,  Joanne Kathleen"
939,Bande dessinée jeunesse,58.0,One Piece. 42. Les pirates contre le CP9,"Oda,  Eiichir?"
437,Bande dessinée adulte,90.0,Aya de Yopougon. 7,"Abouet,  Marguerite"
631,Livre adulte,74.0,La Fille de Deauville : roman,"Schneider,  Vanessa"
926,Bande dessinée adulte,59.0,La cellule : enquête sur les attentats du 13 novembre 2015,"Seelow,  Soren"
64,Livre adulte,257.0,Trois : roman,"Perrin,  Valérie"
135,DVD nouveautés tous publics,171.0,Aline,
374,Bande dessinée ado,98.0,Pas de souci !,"Oda,  Eiichiro"
620,Livre adulte,75.0,Nous irons mieux demain,"Rosnay,  Tatiana de"
697,Bande dessinée ado,70.0,Fairy Tail. 6,"Mashima,  Hiro"
874,Nouveauté,61.0,Blanc,"Tesson,  Sylvain"
130,Bande dessinée adulte,175.0,La bibliomule de Cordoue,"Lupano,  Wilfrid"
343,DVD tous publics,102.0,Shang-Chi et la légende des dix anneaux,
542,DVD nouveautés tous publics,81.0,Les  passagers de la nuit/Hers,
589,Livre adulte,78.0,Code 93,"Norek,  Olivier"
227,Livre en langue étrangère,128.0,"Beautiful World, Where Are You","Rooney,  Sally"
476,Livre adulte,87.0,Ecoute la pluie tomber : roman,"Ruiz,  Olivia"
692,DVD nouveautés tous publics,70.0,Les  animaux fantastiques : les secrets de Dumblemore,
279,Nouveauté jeunesse,113.0,"My hero academia. 2. Déchaîne-toi, maudit nerd !","Horikoshi,  Kohei"
726,Nouveauté,68.0,Solo leveling. 5,Chugong
881,Bande dessinée jeunesse,61.0,Naruto. 57,"Kishimoto,  Masashi"
431,Livre jeunesse,91.0,A la mode de chez nous,Cazenove
485,Nouveauté,86.0,"Climat, crises : le plan de transformation de l'économie française",
447,DVD > 12 ans,89.0,Venom 2 : Let there be carnage,
729,Livre adulte,68.0,No-no-yuri : roman,"Shimazaki,  Aki"
819,DVD nouveautés tous publics,63.0,"Les Animaux fantastiques 2, les crimes de Grindelwald",
494,Bande dessinée jeunesse,85.0,My hero academia. 31. Izuku Midoroya et Toshinori Yagi,"Horikoshi,  K?hei"
710,Livre jeunesse,69.0,Le trésor interdit,"Sutherland,  Tui"
113,Bande dessinée jeunesse,188.0,Le serment,"Oda,  Eiichiro"
419,DVD nouveautés tous publics,92.0,Black Widow,
652,Bande dessinée jeunesse,72.0,Le chant de l'ambre,"Siegel,  Mark"
229,DVD tous publics,128.0,Les  promesses,
719,Livre adulte,68.0,Kilomètre zéro : le chemin du bonheur,"Ankaoua,  Maud"
32,Nouveauté,350.0,Quand tu écouteras cette chanson,"Lafon,  Lola"
163,DVD nouveautés tous publics,155.0,Julie (en 12 chapitres),
779,Bande dessinée jeunesse,65.0,Naruto. 72,"Kishimoto,  Masashi"
828,Nouveauté,63.0,Trouver refuge : roman,"Ono-dit-Biot,  Christophe"
859,,61.0,My hero academia. 17. Le million,"Horikoshi,  K?hei"
60,Livre adulte,261.0,Le voyant d'Etampes,"Quentin,  Abel"
67,Livre adulte,250.0,Les cahiers d'Esther. 5. Histoires de mes 14 ans,"Sattouf,  Riad"
218,Livre adulte,132.0,La femme gelée,"Ernaux,  Annie"
844,Bande dessinée adulte,62.0,Tananarive,"Eacersall,  Mark"
340,,102.0,"Le choix du chômage : de Pompidou à Macron, enquête sur les racines de la violence économique","Collombat,  Benoît"
577,Bande dessinée jeunesse,78.0,The promised Neverland. 15,"Shirai,  Kaiu"
849,Bande dessinée jeunesse,62.0,Une jolie vache,"Guibert,  Emmanuel"
375,Bande dessinée ado,98.0,Le vieux schnock,"Oda,  Eiichiro"
475,Nouveauté,87.0,La promesse,"Galgut,  Damon"
95,Nouveauté,210.0,Les gens de Bilbao naissent où ils veulent,"Larrea,  Maria"
160,DVD tous publics,157.0,Délicieux,
194,Bande dessinée adulte,139.0,Coming in,"Font,  Elodie"
260,DVD nouveautés tous publics,119.0,Les  éternels,
379,Bande dessinée adulte,97.0,L'accident de chasse,"Carlson,  David L."
428,Livre adulte,91.0,Les flammes de pierre : roman,"Rufin,  Jean-Christophe"
783,Livre adulte,65.0,La chronique des Bridgerton. 7 & 8,"Quinn,  Julia"
612,Livre adulte,75.0,Simple,"Ottolenghi,  Yotam"
656,DVD nouveautés tous publics,72.0,Albatros,
39,Livre adulte,330.0,Paris-Briançon : roman,"Besson,  Philippe"
323,DVD tous publics,104.0,Les  2 Alfred,
380,Bande dessinée jeunesse,97.0,One Piece : édition originale. 100,"Oda,  Eiichir?"
450,DVD nouveautés tous publics,89.0,Downton Abbey II : Une nouvelle ère,
176,Bande dessinée jeunesse,151.0,Vieux machin,"Oda,  Eiichiro"
250,DVD tous publics,121.0,À plein temps,
517,DVD nouveautés tous publics,83.0,Old,
536,Bande dessinée jeunesse,81.0,One Piece : édition originale. 24. Croire en ses rêves,"Oda,  Eiichir?"
29,DVD nouveautés tous publics,359.0,Illusions perdues,
353,Livre jeunesse,101.0,Le cycle d'Anathos : la marque du destin,"Sobral,  Patrick"
580,Bande dessinée jeunesse,78.0,Katouki Bakugo : l'envol,"Horikoshi,  K?hei"
873,Livre adulte,61.0,Identités croisées,"Coben,  Harlan"
988,DVD nouveautés tous publics,56.0,L'Homme de la cave,
99,Livre adulte,202.0,La clé de votre énergie : 22 protocoles pour vous libérer émotionnellement,"Calestrémé,  Natacha"
298,,108.0,René.e aux bois dormants,"Usdin,  Élène"
498,Livre jeunesse,84.0,La mission de Péril,"Sutherland,  Tui"
878,Bande dessinée ado,61.0,Naruto. 36,"Kishimoto,  Masashi"
451,DVD nouveautés tous publics,89.0,Top Gun : Maverick,
525,Bande dessinée jeunesse,82.0,Bergères guerrières. 3,"Garnier,  Jonathan"
705,Bande dessinée jeunesse,69.0,Sous un ciel d'azur,"Horikoshi,  K?hei"
766,Livre adulte,66.0,Le rocher blanc,"Hope,  Anna"
226,,128.0,L'île au secret,"Sutherland,  T.T."
895,Bande dessinée jeunesse,60.0,Mission : Yozakura family. 2,"Gondaira,  Hitsuji"
366,Bande dessinée adulte,99.0,Choses sérieuses,"Oseman,  Alice"
626,Livre jeunesse,74.0,Harry Potter et la chambre des secrets,"Rowling,  Joanne Kathleen"
759,Bande dessinée adulte,66.0,The promised neverland. 1,"Shirai,  Kaiu"
799,Livre adulte,64.0,Pouilles,
263,Bande dessinée adulte,118.0,Blanc autour,"Lupano,  Wilfrid"
119,Livre adulte,182.0,Samouraï : roman,"Caro,  Fabrice"
813,DVD tous publics,64.0,Top gun,"Scott,  Tony"
254,,120.0,La montagne de jade,"Sutherland,  T.T."
609,Livre jeunesse,76.0,Un air de famille,Cazenove
483,DVD tous publics,86.0,OVNI(s). Saison 1,
82,Bande dessinée jeunesse,230.0,Luffy versus la bande à Baggy !!,"Oda,  Eiichiro"
156,Bande dessinée jeunesse,158.0,Mortelle Adèle et la galaxie des bizarres,Mr Tan
123,DVD tous publics,177.0,Stillwater,
152,Livre adulte,161.0,"Où es-tu, monde admirable ?","Rooney,  Sally"
557,Bande dessinée ado,80.0,Fairy Tail. 3,"Mashima,  Hiro"
834,Bande dessinée jeunesse,63.0,Le roi du chahut,"Didier,  Anne"
942,Livre adulte,58.0,L'événement,"Ernaux,  Annie"
784,Bande dessinée adulte,65.0,Les carnets de l'apothicaire. 7,"Nanao,  Itsuki"
289,Livre adulte,111.0,Billy Summers : roman,"King,  Stephen"
583,DVD nouveautés tous publics,78.0,Tous en scène 2,
552,Livre adulte,80.0,Les carnets de l'apothicaire. 4,"Nanao,  Itsuki"
683,Bande dessinée jeunesse,70.0,Tombés du ciel,"Dugomier,  Vincent"
107,DVD tous publics,196.0,En corps,
224,Livre adulte,129.0,Sel : roman,"Adler-Olsen,  Jussi"
500,,84.0,Le pays divisé,Dugomier
470,DVD tous publics,87.0,Mandibules,
539,Livre adulte,81.0,La chronique des Bridgerton. 5 & 6,"Quinn,  Julia"
232,Livre adulte,127.0,Confusion,"Howard,  Elizabeth Jane"
381,DVD nouveautés tous publics,97.0,Mort sur le Nil,
426,,91.0,La bombe,"Bollée,  Laurent-Frédéric"
882,Bande dessinée jeunesse,61.0,One Piece : édition originale. 33. Davy back fight !!,"Oda,  Eiichir?"
941,,58.0,La cantine de minuit. 1,"Abe,  Yaro"
454,,88.0,The promised neverland. 4,"Shirai,  Kaiu"
548,Nouveauté,80.0,The promised neverland. 5,"Shirai,  Kaiu"
509,,84.0,Soixante printemps en hiver,"Chabbert,  Ingrid"
180,DVD tous publics,149.0,Les intranquilles,
16,Livre adulte,473.0,Numéro deux,"Foenkinos,  David"
795,Bande dessinée jeunesse,65.0,Les légendaires : Les origines. 03. Gryfenfer,"Sobral,  Patrick"
182,coffret DVD tous publics,147.0,OVNI(s). Nouvelle saison,
204,Livre adulte,134.0,The  Father,
711,DVD nouveautés tous publics,69.0,Amants,
283,Bande dessinée jeunesse,112.0,"Heartstopper : deux garçons, une rencontre. 1","Oseman,  Alice"
526,Nouveauté,82.0,Ultramarins,"Navarro,  Mariette"
294,Livre adulte,109.0,Le serpent majuscule : roman,"Lemaitre,  Pierre"
471,Livre adulte,87.0,Un corps à soi,"Froidevaux-Metterie,  Camille"
571,DVD tous publics,79.0,Le Monde d'hier,
488,,86.0,La page blanche,Boulet
603,Bande dessinée adulte,76.0,"Un général, des généraux","Juncker,  Nicolas"
685,Bande dessinée jeunesse,70.0,Blue lock. 3,"Kaneshiro,  Muneyuki"
560,Bande dessinée jeunesse,80.0,One Piece. 61. A l'aube d'une grande aventure vers le Nouveau Monde,"Oda,  Eiichiro"
131,Livre jeunesse,175.0,Mortelle Adèle. 3. C'est pas ma faute !,Tan
673,DVD nouveautés tous publics,71.0,Les  amours d'Anaïs,
259,,119.0,"Jung, un voyage vers soi","Lenoir,  Frédéric"
195,,138.0,La rose la plus rouge s'épanouit,"Strömquist,  Liv"
434,,90.0,La définition du bonheur,"Cusset,  Catherine"
785,Nouveauté jeunesse,65.0,Dragon ball super. 16. Le meilleur guerrier de l'univers,"Toriyama,  Akira"
382,,97.0,La dernière reine,"Rochette,  Jean-Marc"
57,Livre adulte,273.0,La crue : roman,"McDowell,  Michael"
743,Bande dessinée jeunesse,67.0,"Bouillir, tel est le propre du Oden","Oda,  Eiichir?"
837,Livre adulte,62.0,L'art subtil de s'en foutre : un guide à contre-courant pour être soi-même,"Manson,  Mark"
585,Livre adulte,78.0,L'inconduite,"Becker,  Emma"
904,DVD tous publics,60.0,Pleasure,
956,Livre adulte,58.0,"Successions : l'argent, le sang et les larmes","Bacqué,  Raphaëlle"
964,Bande dessinée jeunesse,57.0,Destruction massive,"Horikoshi,  K?hei"
487,Livre adulte,86.0,"Oh, Canada","Banks,  Russell"
527,Nouveauté jeunesse,82.0,One Piece : édition originale. 99. Luffy au chapeau de paille,"Oda,  Eiichir?"
747,Bande dessinée jeunesse,67.0,Demon slayer : Kimetsu no yaiba. 17,"Gotouge,  Koyoharu"
981,Livre adulte,56.0,"Le corps n'oublie rien : le cerveau, l'esprit et le corps dans la guérison du traumatisme","Van der Kolk,  Bessel A."
333,,103.0,Les méduses n'ont pas d'oreilles : roman,"Rosenfeld,  Adèle"
630,,74.0,Les dieux sont amour,"Sobral,  Patrick"
269,Bande dessinée jeunesse,116.0,Griffes et plumes,"Sobral,  Patrick"
642,Nouveauté,73.0,Asphalte,"Zaccagna,  Matthieu"
115,Bande dessinée jeunesse,183.0,Mortelle Adèle.  T.10 .  Choubidoulove,
324,Livre adulte,104.0,Le carré des indigents,"Pagan,  Hugues"
363,DVD nouveautés tous publics,100.0,Rien à foutre,
458,Livre adulte,88.0,Je réussis ma détox sucre : 80 recettes faciles et rapides,"Philippon,  Bérengère"
625,Bande dessinée jeunesse,74.0,Coeur mandarine ; d'après le roman de Cathy Cassidy,
317,Bande dessinée adulte,105.0,Le secret de la force surhumaine,"Bechdel,  Alison"
765,DVD nouveautés tous publics,66.0,Tromperie,
814,Bande dessinée ado,64.0,Gear,"Oda,  Eiichiro"
433,Bande dessinée jeunesse,90.0,Demon slayer : Kimetsu no yaiba. 15,"Gotouge,  Koyoharu"
883,Bande dessinée jeunesse,60.0,One Piece : édition originale. 29. Oratorio,"Oda,  Eiichir?"
838,Nouveauté,62.0,Le patient,"Le Boucher,  Timothé"
931,DVD nouveautés tous publics,59.0,The  Suicide Squad,
604,,76.0,Les  amants sacrifiés,
632,DVD nouveautés tous publics,74.0,Pig,
17,Livre adulte,467.0,Leurs enfants après eux : roman,"Mathieu,  Nicolas"
793,Bande dessinée adulte,65.0,Sandman,
9,,649.0,Le monde sans fin,"Blain,  Christophe"
248,Livre jeunesse,121.0,Les royaumes de feu. 5. La nuit-la-plus-claire,"Sutherland,  T.T."
767,DVD nouveautés tous publics,66.0,Contes du hasard et autres fantaisies,
146,Livre adulte,164.0,Le mur des silences,Arnaldur Indriðason
328,Bande dessinée jeunesse,104.0,Naruto. 11,"Kishimoto,  Masashi"
422,Bande dessinée jeunesse,92.0,Le gardien,"Sobral,  Patrick"
657,DVD nouveautés tous publics,72.0,On est fait pour s'entendre,
768,,66.0,Les liens artificiels,"Devers,  Nathan"
782,,65.0,One Piece : édition originale. 98,"Oda,  Eiichir?"
890,Nouveauté,60.0,L'atelier des sorciers. 2,"Shirahama,  Kamome"
101,Nouveauté,202.0,Normal people,"Rooney,  Sally"
103,Livre adulte,200.0,Les enfants endormis,"Passeron,  Anthony"
467,Bande dessinée jeunesse,87.0,Demon slayer : Kimetsu no yaiba. 8,"Gotouge,  Koyoharu"
805,Bande dessinée adulte,64.0,Amplifiez vos super pouvoirs !,"Gomez,  Lucile"
863,Bande dessinée jeunesse,61.0,Il est toujours là,"Lyfoung,  Patricia"
73,Nouveauté,241.0,Chien 51 : roman,"Gaudé,  Laurent"
383,Bande dessinée jeunesse,96.0,Premières répressions,Dugomier
901,Bande dessinée jeunesse,60.0,Cocon familial,Nob
124,DVD nouveautés tous publics,177.0,First Cow,
214,Bande dessinée adulte,132.0,Le choeur des femmes,"Mermilliod,  Aude"
187,Livre adulte,144.0,Les armoires vides,"Ernaux,  Annie"
367,DVD tous publics,99.0,Madeleine Collins,
756,Bande dessinée ado,67.0,One Piece. 64,"Oda,  Eiichiro"
983,Bande dessinée jeunesse,56.0,Chaperlipopette !,Mr Tan
318,Livre adulte,105.0,Un chien à ma table : roman,"Hunzinger,  Claudie"
932,,59.0,Lore Olympus. 1,"Smythe,  Rachel"
821,Bande dessinée jeunesse,63.0,One's justice,"Horikoshi,  K?hei"
561,Livre jeunesse,79.0,Retour à l'état sauvage,"Hunter,  Erin"
205,Nouveauté,134.0,On était des loups : roman,"Collette,  Sandrine"
74,Nouveauté,240.0,Les fossoyeurs : révélations sur le système qui maltraite nos aînés,"Castanet,  Victor"
267,Livre adulte,117.0,Le trésorier-payeur : roman,"Haenel,  Yannick"
898,Nouveauté,60.0,La porte du voyage sans retour,"Diop,  David"
963,Livre adulte,57.0,Pachinko : roman,Min Jin Lee
90,DVD nouveautés tous publics,220.0,House of Gucci,
622,Livre jeunesse,75.0,Ca fait suer ! : guide de survie en milieu hostile,"Kinney,  Jeff"
833,Bande dessinée jeunesse,63.0,Naruto. 63,"Kishimoto,  Masashi"
51,Nouveauté,293.0,Les cahiers d'Esther. 6. Histoires de mes 15 ans,"Sattouf,  Riad"
668,Bande dessinée jeunesse,71.0,The promised Neverland. 18,"Shirai,  Kaiu"
702,Nouveauté,69.0,Play boy : roman,"Debré,  Constance"
190,Bande dessinée jeunesse,141.0,La nouvelle(s),"Toussaint,  Kid"
277,Livre jeunesse,114.0,Mortelle Adèle. 5. Poussez-vous les moches,Tan
336,Bande dessinée jeunesse,103.0,Personne en vue !,"Didier,  Anne"
342,Nouveauté,102.0,Blizzard,"Vingtras,  Marie"
740,Bande dessinée jeunesse,67.0,La fille qui aimait les animonstres,"Douyé,  Sylvia"
905,Bande dessinée adulte,60.0,T'zée : une tragédie africaine,Appollo
203,Livre adulte,134.0,Les impatientes,"Amadou Amal,  Djaïli"
66,Bande dessinée jeunesse,252.0,Une vérité qui blesse,"Oda,  Eiichiro"
493,Livre adulte,85.0,Première personne du singulier : nouvelles,"Murakami,  Haruki"
1,Livre adulte,1058.0,Le grand monde,"Lemaitre,  Pierre"
513,,84.0,Les Légendaires. 15. Amour mortel,"Sobral,  Patrick"
781,Bande dessinée adulte,65.0,Sacrées sorcières,"Bagieu,  Pénélope"
871,Nouveauté,61.0,Le choix : roman,"Ardone,  Viola"
879,Bande dessinée ado,61.0,Naruto. 38,"Kishimoto,  Masashi"
59,DVD tous publics,264.0,Boîte noire,
199,DVD nouveautés tous publics,135.0,Cry macho,
464,Bande dessinée jeunesse,88.0,Frères ennemis,"Sobral,  Patrick"
885,Bande dessinée jeunesse,60.0,One Piece : édition originale. 80. Vers une bataille sans précédent,"Oda,  Eiichir?"
3,Livre adulte,949.0,anéantir,"Houellebecq,  Michel"
623,Bande dessinée jeunesse,75.0,Jadina,"Sobral,  Patrick"
695,Bande dessinée jeunesse,70.0,Spy x Family. 9,"End?,  Tatsuya"
753,Bande dessinée adulte,67.0,En lutte,"Toulmé,  Fabien"
34,Livre adulte,345.0,Nom,"Debré,  Constance"
331,Bande dessinée jeunesse,103.0,Demon slayer : Kimetsu no yaiba. 13,"Gotouge,  Koyoharu"
322,Nouveauté,104.0,Sans passer par la case départ,"Läckberg,  Camilla"
444,Bande dessinée jeunesse,89.0,Kaiju n 8. 2,"Matsumoto,  Naoya"
641,Bande dessinée adulte,73.0,Maxiplotte,"Doucet,  Julie"
780,Bande dessinée jeunesse,65.0,L'atelier des sorciers. 5,"Shirahama,  Kamome"
896,,60.0,Poussière dans le vent,"Padura,  Leonardo"
986,Livre adulte,56.0,Suis-je hypersensible ? : enquête sur un pouvoir méconnu,"Midal,  Fabrice"
637,,73.0,The promised Neverland. 13,"Shirai,  Kaiu"
647,,73.0,Vernon Subutex. 1,"Despentes,  Virginie"
100,Bande dessinée adulte,202.0,La naissance de l'humanité,"Harari,  Yuval Noah"
179,Nouveauté,149.0,Alice Guy,"Bocquet,  José-Louis"
208,,134.0,La prophétie,"Sutherland,  T. T."
128,DVD > 12 ans,175.0,Benedetta,
165,,154.0,Le grand vide,"Murawiec,  Léa"
533,Bande dessinée jeunesse,82.0,C'est parti !,"Didier,  Anne"
724,,68.0,Le dit des cigales,"Arleston,  Christophe"
970,DVD tous publics,57.0,The Souvenir : Part I & Part II,
129,Livre adulte,175.0,Le traître et le néant,"Davet,  Gérard"
582,Livre adulte,78.0,Les Nétanyahou,"Cohen,  Joshua"
79,DVD nouveautés tous publics,237.0,La Loi de Téhéran,
302,Livre adulte,107.0,Où vivaient les gens heureux,"Maynard,  Joyce"
811,,64.0,L'espion qui aimait les livres : roman,"Le Carré,  John"
832,Bande dessinée ado,63.0,Je veux que tu m'aimes !,"Lyfoung,  Patricia"
835,Bande dessinée jeunesse,62.0,One Piece. 58. L'ère de Barbe blanche,"Oda,  Eiichir?"
161,DVD nouveautés tous publics,157.0,Spider-Man : No Way Home,
587,Bande dessinée jeunesse,78.0,L'Alystory,"Sobral,  Patrick"
594,Bande dessinée ado,77.0,Naruto. 19,"Kishimoto,  Masashi"
112,Livre adulte,188.0,La place,"Ernaux,  Annie"
121,Bande dessinée jeunesse,179.0,Un talent monstre !,Tan
435,Livre adulte,90.0,La ritournelle,"Valognes,  Aurélie"
575,Bande dessinée ado,78.0,Naruto. 27,"Kishimoto,  Masashi"
839,Bande dessinée adulte,62.0,My hero academia. 21,"Horikoshi,  K?hei"
955,DVD tous publics,58.0,The white Lotus. Saison 1,
139,Bande dessinée adulte,168.0,Zaï zaï zaï zaï,Fabcaro
394,Nouveauté jeunesse,95.0,My hero academia. 8. Momo Yaoyorozu : l'envol,"Horikoshi,  Kohei"
399,Nouveauté,95.0,Le poids des héros,"Sala,  David"
414,Bande dessinée adulte,92.0,"Moi, ce que j'aime, c'est les monstres","Ferris,  Emil"
672,Nouveauté,71.0,Bonnet d'âne !,"Beaton,  M.C."
737,Livre adulte,67.0,Les quatre accords toltèques : la voie de la liberté personnelle,"Ruiz,  Miguel"
840,,62.0,Le consentement,"Springora,  Vanessa"
173,DVD nouveautés tous publics,151.0,OSS 117 : alerte rouge en Afrique noire,
245,Nouveauté,123.0,Que reviennent ceux qui sont loin,"Adrian,  Pierre"
482,Bande dessinée adulte,86.0,Vernon Subutex. 1,"Despentes,  Virginie"
962,Nouveauté jeunesse,57.0,La fête de Yuei,"Horikoshi,  K?hei"
89,coffret DVD tous publics,222.0,The  Crown. Saison 4,
386,Bande dessinée jeunesse,96.0,Demon slayer : Kimetsu no yaiba. 9,"Gotouge,  Koyoharu"
758,Bande dessinée jeunesse,66.0,One Piece : édition originale. 79. Lucy !!,"Oda,  Eiichir?"
951,Bande dessinée adulte,58.0,Saint-Elme. 2,"Lehman,  Serge"
326,Livre adulte,104.0,Les nuits de la peste,"Pamuk,  Orhan"
558,Bande dessinée jeunesse,80.0,Versus inferno,"Sobral,  Patrick"
65,,256.0,Guerre,"Céline,  Louis-Ferdinand"
745,Bande dessinée adulte,67.0,Ne m'oublie pas,"Garin,  Alix"
843,Livre adulte,62.0,Sicile : 2021-2022,"Gloaguen,  Philippe"
848,DVD tous publics,62.0,Chers camarades !,
308,DVD nouveautés tous publics,106.0,The  Card Counter,
798,DVD tous publics,64.0,The crown. L'intégrale de la première saison,
930,Bande dessinée jeunesse,59.0,Blue lock. 4,"Kaneshiro,  Muneyuki"
264,DVD tous publics,118.0,Tout s'est bien passé,
613,,75.0,Love me tender,"Debré,  Constance"
61,,261.0,Faites votre glucose révolution : la formule scientifique efficace pour perdre du poids et retrouver votre énergie,"Inchauspé,  Jessie"
416,Livre adulte,92.0,Chavirer : roman,"Lafon,  Lola"
503,Bande dessinée adulte,84.0,The promised Neverland. 14,"Shirai,  Kaiu"
441,Bande dessinée jeunesse,89.0,Demon slayer : Kimetsu no yaiba,"Gotouge,  Koyoharu"
355,,100.0,Les deux géants,Dugomier
693,Livre adulte,70.0,Homo numericus : la civilisation qui vient,"Cohen,  Daniel"
807,CD adulte,64.0,Les  jeunes amants,
147,Livre adulte,164.0,Nouvelle Babel,"Bussi,  Michel"
174,DVD tous publics,151.0,The  Matrix Resurrections,
617,DVD tous publics,75.0,Respect,
800,Livre jeunesse,64.0,Le livre des secrets,"Messenger,  Shannon"
820,Livre jeunesse,63.0,"Mortel un jour, mortel toujours !",Mr Tan
892,coffret DVD tous publics,60.0,The  Crown. Saison 3,
350,Livre adulte,101.0,Le paquebot : roman,"Assouline,  Pierre"
555,DVD tous publics,80.0,Compartiment n?6,
627,Bande dessinée adulte,74.0,Carbone & Silicium,"Bablet,  Mathieu"
645,Bande dessinée ado,73.0,Naruto. 28,"Kishimoto,  Masashi"
665,Bande dessinée jeunesse,71.0,World without : les éveillés,"Sobral,  Patrick"
944,Bande dessinée jeunesse,58.0,Aventure au pays des samouraïs,"Oda,  Eiichir?"
415,Bande dessinée jeunesse,92.0,Demon slayer : Kimetsu no yaiba. 1,"Gotouge,  Koyoharu"
511,DVD nouveautés tous publics,84.0,Elvis,
535,Bande dessinée jeunesse,82.0,One Piece : édition originale. 21. Utopia,"Oda,  Eiichiro"
568,CD adulte,79.0,Brûler le feu,"Armanet,  Juliette"
94,Livre adulte,211.0,Changer l'eau des fleurs : roman,"Perrin,  Valérie"
278,Livre adulte,114.0,Aux animaux la guerre,"Mathieu,  Nicolas"
602,Nouveauté,76.0,Je suis toujours vivant,"Saviano,  Roberto"
448,Livre adulte,89.0,Le jeu des si : roman,"Carré,  Isabelle"
995,DVD tous publics,56.0,Morbius,
505,Livre adulte,84.0,Le parfum des fleurs de la nuit,"Slimani,  Leïla"
664,Bande dessinée jeunesse,71.0,Louca. 6. Confrontations,"Dequier,  Bruno"
707,Livre adulte,69.0,Rome et ses environs : 2021-2022,"Gloaguen,  Philippe"
391,DVD nouveautés tous publics,96.0,Incroyable mais vrai,
489,Bande dessinée jeunesse,86.0,One Piece. 62. Périple sur l'île des hommes poissons,"Oda,  Eiichiro"
661,Bande dessinée jeunesse,72.0,C'est nikol crème !,"Cazenove,  Christophe"
866,Livre adulte,61.0,Le cas Nelson Kerr : roman,"Grisham,  John"
907,DVD nouveautés tous publics,60.0,Nous,
46,Livre adulte,311.0,Les enfants sont rois : roman,"Vigan,  Delphine de"
377,Bande dessinée adulte,97.0,My hero academia. 3,"Horikoshi,  Kohei"
496,Bande dessinée jeunesse,85.0,Aube et crépuscule,"Sobral,  Patrick"
803,DVD tous publics,64.0,Désigné coupable,
84,Livre adulte,226.0,Là où chantent les écrevisses,"Owens,  Delia"
388,Bande dessinée adulte,96.0,Le petit frère,"Tripp,  Jean-Louis"
521,Livre adulte,83.0,L'événement,"Ernaux,  Annie"
201,Livre adulte,135.0,Les exportés,"Devillers,  Sonia"
256,Bande dessinée ado,120.0,A l'aube d'une grande aventure,"Oda,  Eiichiro"
418,Bande dessinée adulte,92.0,George Sand : fille du siècle,"Vidal,  Séverine"
917,Livre jeunesse,59.0,En scène !. 2,Cuvie
230,Bande dessinée jeunesse,127.0,Jurassic mamie,Mr Tan
573,Bande dessinée jeunesse,79.0,Le cycle d'Anathos : renaissance,"Sobral,  Patrick"
590,Nouveauté,77.0,Gagner n'est pas jouer,"Coben,  Harlan"
815,,63.0,Dad. 1. Filles à papa,Nob
709,Livre adulte,69.0,L'horizon d'une nuit,"Grebe,  Camilla"
900,Livre adulte,60.0,Le passager sans visage,"Beuglet,  Nicolas"
249,Livre adulte,121.0,La Treizième heure : roman,"Bayamack-Tam,  Emmanuelle"
313,DVD tous publics,105.0,L'origine du monde,
670,Bande dessinée adulte,71.0,Confirmée,"Dupré La Tour,  Florence"
741,Bande dessinée jeunesse,67.0,Foutu pour foutu,"Dequier,  Bruno"
851,Bande dessinée jeunesse,62.0,One Piece. 70. Doflamingo sort de l'ombre,"Oda,  Eiichiro"
292,Nouveauté,109.0,The promised neverland. 3,"Shirai,  Kaiu"
6,,749.0,La carte postale : roman,"Berest,  Anne"
118,,182.0,La fille parfaite : roman,"Azoulai,  Nathalie"
291,Bande dessinée jeunesse,110.0,Rébellion,"Oda,  Eiichiro"
546,Bande dessinée jeunesse,80.0,Les Légendaires. 18. La fin de l'histoire ?,"Sobral,  Patrick"
748,DVD tous publics,67.0,Mare of Easttown,
18,Livre adulte,462.0,L'anomalie,"Le Tellier,  Hervé"
48,Bande dessinée adulte,308.0,Une jeunesse au Moyen-Orient : 1985-1987,"Sattouf,  Riad"
445,,89.0,Le pain perdu,"Bruck,  Edith"
667,Bande dessinée jeunesse,71.0,Ma bible,"Oda,  Eiichir?"
87,Livre adulte,225.0,Le gosse : roman,"Olmi,  Véronique"
992,Livre adulte,56.0,Tout comprendre (ou presque) sur le climat,BonPote
216,DVD nouveautés tous publics,132.0,Tre piani,
284,DVD tous publics,112.0,Antoinette dans les Cévennes,
534,Bande dessinée jeunesse,82.0,"Mon coup d'soleil, c'est toi !","Cazenove,  Christophe"
787,Nouveauté,65.0,Le goûter du lion,"Ogawa,  Ito"
880,Bande dessinée ado,61.0,Naruto. 43,"Kishimoto,  Masashi"
994,DVD nouveautés tous publics,56.0,La Fièvre de Petrov,
301,Bande dessinée jeunesse,107.0,Demon slayer : Kimetsu no Yaiba. 2,"Gotouge,  Koyoharu"
327,DVD nouveautés tous publics,104.0,La  méthode Williams,
8,Livre adulte,712.0,La plus secrète mémoire des hommes,"Sarr,  Mohamed Mbougar"
990,Livre adulte,56.0,Tout comme toi : roman,"Hornby,  Nick"
217,Nouveauté,132.0,Les masques éphémères,"Leon,  Donna"
352,Bande dessinée ado,101.0,Naruto. 12,"Kishimoto,  Masashi"
853,,61.0,Beauté fatale : les nouveaux visages d'une aliénation féminine,"Chollet,  Mona"
530,,82.0,L'archipel des oubliés,"Beuglet,  Nicolas"
551,Livre adulte,80.0,Maia,"Riley,  Lucinda"
640,Bande dessinée jeunesse,73.0,Le portail émeraude,"Siegel,  Mark"
771,Livre adulte,66.0,Fairy Tail. 5,"Mashima,  Hiro"
957,Livre adulte,58.0,Les versets sataniques,"Rushdie,  Salman"
969,Nouveauté,57.0,Impunité,"Devynck,  Hélène"
83,Bande dessinée jeunesse,227.0,Romance dawn,"Oda,  Eiichiro"
158,DVD nouveautés tous publics,158.0,Titane,
191,Livre adulte,141.0,Ecrire la vie,"Ernaux,  Annie"
200,Bande dessinée adulte,135.0,Guacamole vaudou,"Judor,  Éric"
456,Livre adulte,88.0,Italie du Nord,
760,Livre jeunesse,66.0,Les serres du pouvoir,"Sutherland,  Tui"
831,Bande dessinée adulte,63.0,Aya de Yopougon. 2,"Abouet,  Marguerite"
940,Bande dessinée jeunesse,58.0,One Piece : édition originale. 57. Guerre au sommet,"Oda,  Eiichir?"
696,,70.0,La synagogue,"Sfar,  Joann"
88,Livre adulte,224.0,La patience des traces : roman,"Benameur,  Jeanne"
231,Bande dessinée jeunesse,127.0,Supergéant !,"Didier,  Anne"
404,Bande dessinée jeunesse,94.0,Un voyage à Paris,"Oseman,  Alice"
241,,124.0,L'origine du monde,"Strömquist,  Liv"
635,Livre adulte,73.0,Les furtifs,"Damasio,  Alain"
720,Nouveauté jeunesse,68.0,My hero academia. 15. Lutte contre le destin,"Horikoshi,  K?hei"
968,Livre adulte,57.0,Clara lit Proust,"Carlier,  Stéphane"
365,DVD nouveautés tous publics,100.0,Doctor Strange in the Multiverse of Madness,
452,Bande dessinée ado,89.0,Naruto. 7,"Kishimoto,  Masashi"
775,Bande dessinée ado,65.0,One Piece : édition originale. 27. Prélude,"Oda,  Eiichir?"
351,coffret DVD > 12 ans,101.0,The  Handmaid's Tale. Saison 4,
481,Bande dessinée jeunesse,86.0,Désobéir !,"Dugomier,  Vincent"
827,DVD nouveautés tous publics,63.0,Moonfall,
776,Livre adulte,65.0,Les oubliés du dimanche,"Perrin,  Valérie"
823,Bande dessinée jeunesse,63.0,L'atelier des sorciers. 8,"Shirahama,  Kamome"
215,Livre adulte,132.0,"L'amour, la mer","Quignard,  Pascal"
348,Bande dessinée jeunesse,101.0,Elle est de retour,"Lyfoung,  Patricia"
520,DVD tous publics,83.0,Succession. Saison 3,
591,DVD nouveautés tous publics,77.0,Barbaque,
307,Livre adulte,106.0,Set et match !,"Moriarty,  Liane"
457,Livre adulte,88.0,Lacs italiens et Milan : 2021-2022,"Gloaguen,  Philippe"
198,Bande dessinée jeunesse,137.0,Bergères guerrières. 4,"Garnier,  Jonathan"
5,Livre adulte,755.0,La décision : roman,"Tuil,  Karine"
984,Nouveauté jeunesse,56.0,La terre sainte de Marie Joie,"Oda,  Eiichir?"
287,Livre adulte,111.0,100% Japon : Découvrir et comprendre en 546 images,"Bouissou,  Jean-Marie"
293,,109.0,Algues vertes : l'histoire interdite,"Léraud,  Inès"
338,Bande dessinée jeunesse,103.0,Instinct,"Oda,  Eiichiro"
7,Livre adulte,747.0,Cher connard : roman,"Despentes,  Virginie"
35,DVD tous publics,343.0,Drive My Car,
976,Bande dessinée jeunesse,56.0,One Piece : édition originale. 77. Smile,"Oda,  Eiichir?"
168,Nouveauté,153.0,Dessous les roses,"Adam,  Olivier"
357,,100.0,Miroir de nos peines : roman,"Lemaitre,  Pierre"
921,Bande dessinée adulte,59.0,In waves,"Dungo,  A. J."
183,Livre adulte,146.0,Pour rien au monde,"Follett,  Ken"
257,Livre ado,119.0,Le prince cruel,"Black,  Holly"
507,Nouveauté,84.0,La fille qu'on appelle,"Viel,  Tanguy"
92,Livre adulte,215.0,Lucia : thriller,"Minier,  Bernard"
242,Bande dessinée jeunesse,124.0,Décollage immédiat !,"Didier,  Anne"
76,DVD > 12 ans,239.0,Le Dernier duel,
330,Livre adulte,103.0,L'art de perdre,"Zeniter,  Alice"
562,Livre adulte,79.0,Conversations entre amis,"Rooney,  Sally"
822,Livre jeunesse,63.0,"Les bêtises, c'est maintenant !",Mr Tan
929,Livre adulte,59.0,Glen Affric,"Giebel,  Karine"
541,CD adulte,81.0,Multitude,Stromae
516,Livre adulte,83.0,Celle qui brûle,"Hawkins,  Paula"
791,Bande dessinée ado,65.0,Naruto. 40,"Kishimoto,  Masashi"
114,Livre adulte,184.0,La boîte à magie,"Läckberg,  Camilla"
997,DVD nouveautés tous publics,56.0,Le Secret de la cité perdue,
523,Bande dessinée jeunesse,83.0,Bataille décisive à Alubarna,"Oda,  Eiichiro"
236,Livre adulte,126.0,L'innocence et la loi,"Connelly,  Michael"
420,DVD nouveautés tous publics,92.0,SOS fantômes : l'héritage,
514,Nouveauté,83.0,The promised Neverland. 12,"Shirai,  Kaiu"
288,DVD tous publics,111.0,La  panthère des neiges,
306,,106.0,Rupture(s),"Marin,  Claire"
479,Bande dessinée adulte,86.0,Les sentiments du prince Charles,"Strömquist,  Liv"
405,DVD nouveautés tous publics,94.0,Free Guy,
141,DVD nouveautés tous publics,167.0,Madres paralelas,
732,Bande dessinée ado,68.0,Naruto. 30,"Kishimoto,  Masashi"
80,DVD tous publics,236.0,Annette,
122,Livre adulte,178.0,Changer : méthode,"Louis,  Édouard"
281,Bande dessinée jeunesse,113.0,"Toi, je te zut !",Mr Tan
423,Livre adulte,92.0,Passion simple,"Ernaux,  Annie"
439,Bande dessinée jeunesse,90.0,Ultra top secret !,"Didier,  Anne"
460,Livre adulte,88.0,"Dix âmes, pas plus",Ragnar Jónasson
804,CD adulte,64.0,Covers,Cat Power
850,Bande dessinée jeunesse,62.0,Un namour de sister,"Maury,  William"
116,Livre jeunesse,183.0,Mortelle Adèle. 4. J'aime pas l'amour,Tan
321,Bande dessinée adulte,104.0,Nellie Bly : dans l'antre de la folie,"Ollagnier,  Virginie"
739,Bande dessinée jeunesse,67.0,My hero academia. 12,"Horikoshi,  K?hei"
946,coffret DVD > 12 ans,58.0,Le  bureau des légendes. Saison 5,
143,Bande dessinée ado,164.0,Naruto. 4,"Kishimoto,  Masashi"
169,Bande dessinée ado,153.0,Naruto. 5,"Kishimoto,  Masashi"
270,Livre jeunesse,115.0,La princesse disparue,"Sutherland,  T. T."
344,DVD nouveautés tous publics,102.0,La  pièce rapportée,
349,DVD tous publics,101.0,Tralala,
727,Livre adulte,68.0,Les derniers jours des fauves,"Leroy,  Jérôme"
744,Bande dessinée jeunesse,67.0,L'atelier des sorciers. 7,"Shirahama,  Kamome"
12,Livre adulte,522.0,Réinventer l'amour : comment le patriarcat sabote les relations hétérosexuelles,"Chollet,  Mona"
53,,290.0,La vie clandestine,"Sabolo,  Monica"
396,,95.0,La tempête de sable,"Sutherland,  Tui"
628,Bande dessinée jeunesse,74.0,The promised Neverland. 16,"Shirai,  Kaiu"
808,DVD tous publics,64.0,L'amie prodigieuse. Saison 3,
219,Livre adulte,131.0,Betty : roman,"McDaniel,  Tiffany"
461,DVD tous publics,88.0,Serre moi fort,
490,,85.0,Le prince de Cobalt,
570,Bande dessinée jeunesse,79.0,One Piece : édition originale. 101,"Oda,  Eiichir?"
947,Bande dessinée jeunesse,58.0,Solo leveling. 1,Chugong
725,Livre adulte,68.0,Paradis : roman,"Gurnah,  Abdulrazak"
777,Livre jeunesse,65.0,L'espoir fait vivre,"Dequier,  Bruno"
902,DVD tous publics,60.0,Un triomphe,
144,Livre adulte,164.0,L'inconnu de la poste,"Aubenas,  Florence"
345,DVD nouveautés tous publics,102.0,Notre-Dame brûle,
412,Bande dessinée jeunesse,93.0,"OK, let's stand up !","Oda,  Eiichiro"
857,,61.0,Razzia,"Sobral,  Patrick"
206,Bande dessinée ado,134.0,Naruto. 6,"Kishimito,  Masashi"
480,Bande dessinée jeunesse,86.0,Le dédale rouge,"Siegel,  Mark"
175,Nouveauté,151.0,Comment font les gens ? : roman,"Lamberterie,  Olivia de"
209,Bande dessinée jeunesse,133.0,Ça sent la croquette !,Mr Tan
606,Nouveauté,76.0,L'homme peuplé : roman,"Bouysse,  Franck"
996,Bande dessinée adulte,56.0,Après la chute,"Gomont,  Pierre-Henry"
295,Livre adulte,109.0,Beyrouth-sur-Seine,"Ghoussoub,  Sabyl"
538,Livre adulte,81.0,Ci-gît l'amer : guérir du ressentiment : essai,"Fleury,  Cynthia"
638,Livre adulte,73.0,"Flavour : plus de légumes, plus de saveurs","Ottolenghi,  Yotam"
680,DVD tous publics,70.0,The  Square,
792,Nouveauté,65.0,L'autre fille,"Ernaux,  Annie"
429,Livre adulte,91.0,Le laboureur et les mangeurs de vent : liberté intérieure et confortable servitude,"Cyrulnik,  Boris"
891,Bande dessinée jeunesse,60.0,L'atelier des sorciers. 3,"Shirahama,  Kamome"
698,Bande dessinée jeunesse,70.0,Chat méchant,"Guibert,  Emmanuel"
985,Instrument de musique ou Console de jeu,56.0,Pack piano numérique YAMAHA NP12,
11,Livre adulte,614.0,Regardez-nous danser,"Slimani,  Leïla"
178,Non empruntable,149.0,A la pêche aux nouilles !,Mr Tan
504,Bande dessinée jeunesse,84.0,Les cicatrices du monde,"Sobral,  Patrick"
634,Bande dessinée jeunesse,73.0,Les Légendaires. 19. World without : Artémus le Légendaire,"Sobral,  Patrick"
889,Livre adulte,60.0,Les oubliés du dimanche : roman,"Perrin,  Valérie"
63,Livre adulte,259.0,Une sortie honorable : récit,"Vuillard,  Éric"
303,DVD nouveautés tous publics,107.0,Une femme du monde,
436,Nouveauté,90.0,L'île haute : roman,"Goby,  Valentine"
862,Livre adulte,61.0,Impact,"Norek,  Olivier"
899,Nouveauté,60.0,Rien ne t'appartient,"Appanah,  Nathacha"
28,Livre adulte,367.0,Ton absence n'est que ténèbres : roman,Jón Kalman Stefánsson
671,Livre adulte,71.0,Les formes du visible : une anthropologie de la figuration,"Descola,  Philippe"
247,Nouveauté,122.0,I'm every woman,"Strömquist,  Liv"
276,Livre adulte,114.0,N'avoue jamais : roman,"Gardner,  Lisa"
300,Bande dessinée adulte,107.0,L'odyssée d'Hakim. 2. De la Turquie à la Grèce,"Toulmé,  Fabien"
987,Bande dessinée jeunesse,56.0,Avarice,"Ogaki,  Philippe"
472,DVD nouveautés tous publics,87.0,Le  discours,
